Id,Hazard
<td><p>book_code</p></td>,<td></td>
<td><p>Кодировка</p></td>,<td></td>
<td><p>Дата утверждения</p></td>,<td></td>
<td><p>Название</p></td>,<td></td>
<td><p>Описание</p></td>,"<td><p>МІНІСТЕРСТВО НАДЗВИЧАЙНИХ СИТУАЦІЙ УКРАЇНИ</p><p>НАКАЗ</p><p>Про затвердження Загальних вимог стосовно забезпечення роботодавцями охорони праці працівників</p><p>Відповідно до статті 28 Закону України &quot;Про охорону праці&quot;, підпункту 41 пункту 4 Положення про Міністерство надзвичайних ситуацій України, затвердженого Указом Президента України від 06.04.2011 N 402,</p><p>НАКАЗУЮ:</p><p>1. Затвердити Загальні вимоги стосовно забезпечення роботодавцями охорони праці працівників, що додаються.</p><p>2. Скасувати наказ МНС України від 26.12.2011 N 1350 &quot;Про затвердження Загальних вимог стосовно забезпечення роботодавцями охорони праці працівників&quot;.</p><p>3. Державній службі гірничого нагляду та промислової безпеки:</p><p>3.1. У встановленому порядку забезпечити подання цього наказу на державну реєстрацію до Міністерства юстиції України.</p><p>3.2. У встановленому порядку внести наказ до Державного реєстру нормативно-правових актів з питань охорони праці.</p><p>4. Цей наказ набирає чинності з дня його офіційного опублікування.</p><p>5. Контроль за виконанням цього наказу покласти на Голову Державної служби гірничого нагляду та промислової безпеки України Хохотву О. І.</p></td>"
<td><p>1</p></td>,<td></td>
<td><p>2</p></td>,"<td><p>Загальні вимоги стосовно забезпечення роботодавцями охорони праці працівників (далі - Вимоги) встановлюють вимоги щодо створення безпечних і нешкідливих умов праці шляхом належного облаштування робочих місць і виробничих, санітарно-побутових та інших приміщень на підприємстві, в установі, організації (далі - підприємство), безпечного використання працівниками засобів праці,<em> </em>забезпечення навчання працівників і залучення їх до вирішення питань охорони праці, регулювання взаємовідносин з охорони праці між підприємствами у випадку залучення до виконання робіт працівників інших підприємств.</p></td>"
<td><p>2</p></td>,<td><p>Дія цих Вимог поширюється на всіх суб'єктів господарювання незалежно від форм власності і видів діяльності.</p></td>
<td><p>2</p></td>,"<td><p>Ці Вимоги не стосуються питань, пов'язаних з вимогами державних санітарних норм та правил.</p></td>"
<td><p>2</p></td>,"<td><p>Терміни, що застосовуються у цих Вимогах, мають такі значення:</p><p>засоби праці - будь-які машини, механізми, пристрої, устатковання, транспортні засоби, які застосовуються під час роботи;</p><p>застосування засобів праці - будь-яка діяльність, що проводиться за допомогою засобів праці: вмикання або вимикання, використання, транспортування, ремонт, перебудова, контроль і підтримання в робочому стані, включаючи, зокрема, очищення;</p><p>мобільні засоби праці - засоби праці, які в процесі виконання робіт пересуваються разом з працівником(ами), що їх використовує(ють);</p><p>небезпечна зона - простір всередині і/або навколо засобу праці, в якому існує загроза для безпеки або здоров'я працівника, що в ньому перебуває;</p><p>робоча зона - визначений простір, у якому розташовані робочі місця постійного або тимчасового перебування працівника під час його трудової діяльності;</p><p>робоче місце - місце постійного або тимчасового перебування працівника під час його трудової діяльності.</p></td>"
<td><p>1</p></td>,<td><p> </p></td>
<td><p>2</p></td>,"<td><p>На підприємстві повинні бути створені для кожного працівника здорові і безпечні умови праці. При цьому необхідно дотримуватись таких основних принципів запобігання небезпекам:</p><p>виключення небезпек, якщо це є можливим і реальним;</p><p>обмеження небезпек, яких уникнути неможливо;</p><p>усунення небезпек у їх першоджерелах, виключення або максимальне обмеження впливу небезпечних і шкідливих виробничих чинників;</p><p>забезпечення пріоритету колективних засобів захисту над індивідуальними;</p><p>врахування людського фактора, зокрема під час вибору засобів виробництва, технології, організації праці, устатковання робочих місць тощо</p></td>"
<td><p>2</p></td>,"<td><p>Працівники мають бути проінформовані та проінструктовані щодо дій, необхідних у разі виникнення на підприємстві аварійних ситуацій, пов'язаних з безпосередньою загрозою для їх життя і здоров'я, та про вжиті або такі, що мають бути вжитими, запобіжні і захисні заходи.</p><p>Роботодавець забезпечує повну і вичерпну інформацію працівників та їх уповноважених представників з питань охорони праці про можливі небезпечні ситуації, про вжиті заходи для їх запобігання або їх ліквідації та про дії працівників у аварійних ситуаціях.</p><p>Для забезпечення належного виконання цих заходів роботодавець призначає відповідальних осіб, забезпечує їх підготовку і спорядження відповідно до небезпечності виробництва, масштабів і специфіки підприємства.</p></td>"
<td><p>2</p></td>,"<td><p>Роботи підвищеної небезпеки виконуються за нарядами-допусками, оформленими в установленому порядку.</p></td>"
<td><p>2</p></td>,"<td><p>У разі виникнення на підприємстві надзвичайних ситуацій і нещасних випадків роботодавець повинен вжити термінових заходів для евакуації працівників, надання першої медичної допомоги потерпілим, локалізації і ліквідації аварії або пожежі, усунення їх наслідків, за необхідності залучити зовнішні служби невідкладної медичної допомоги, професійні аварійно-рятувальні служби, підрозділи пожежної охорони.</p></td>"
<td><p>2</p></td>,"<td><p>Навчання і перевірка знань з питань охорони праці працівників, а також учнів, курсантів, слухачів та студентів навчальних закладів під час трудового і професійного навчання здійснюються відповідно до Типового положення про порядок проведення навчання і перевірки знань з питань охорони праці, затвердженого наказом Держнаглядохоронпраці від 26.01.2005 N 15, зареєстрованого в Міністерстві юстиції України 15.02.2005 за N 231/10511.</p></td>"
<td><p>2</p></td>,"<td><p>У випадках, коли діяльність кількох суб'єктів господарювання здійснюється одночасно на одній території або в одній робочій зоні, має бути налагоджено співробітництво між ними, взаємне інформування, координація дій та осіб, які відповідають за невиконання вимог охорони праці, з урахуванням характеру діяльності щодо захисту від небезпек та запобігання їм відповідно до чинного законодавства.</p><p>Залучені працівники інших підприємств повинні пройти медичний огляд та інструктаж з охорони праці з урахуванням специфіки умов праці на підприємстві, що приймає залучених працівників. Таким працівникам повинні бути надані необхідні засоби індивідуального захисту.</p></td>"
<td><p>2</p></td>,"<td><p>Залучення працівників до вирішення питань охорони праці здійснюється профспілковими організаціями підприємства відповідно до статті 42 Закону України &quot;Про охорону праці&quot;. У разі відсутності на підприємстві професійної спілки громадський контроль за додержанням законодавства про охорону праці здійснюється уповноваженими найманими працівниками особами з питань охорони праці відповідно до Типового положення про діяльність уповноважених найманими працівниками осіб з питань охорони праці, затвердженого наказом Держгірпромнагляду України від 21.03.2007 N 56, зареєстрованого в Міністерстві юстиції України 06.04.2007 за N 316/13583.</p></td>"
<td><p>1</p></td>,<td><p> </p></td>
<td><p>2</p></td>,<td></td>
<td><p>3</p></td>,"<td><p>Конструкція і міцність будівель та споруд, призначених для розміщення робочих зон, повинні відповідати їх призначенню, зокрема забезпечувати:</p><p>справний робочий стан устатковання і захисних пристроїв у робочих зонах, сприятливі умови для усунення виявлених несправностей, які можуть негативно вплинути на безпеку і здоров'я працівників;</p><p>регулярне очищення робочих зон і їх устатковання, особливо в закритих робочих приміщеннях, для забезпечення належних санітарно-гігієнічних умов;</p><p>можливість регулярного контролю і перевірок здатності функціонування захисних засобів і пристроїв, призначених для запобігання небезпеці або її усунення.</p><p>Конструкція та монтаж електричного устатковання повинні відповідати вимогам протипожежної безпеки, вибухобезпеки та захисту людей від нещасних випадків внаслідок контакту з ним.</p><p>Під час вибору електричних засобів праці і захисних пристроїв, а також напруги живлення повинні враховуватись вплив зовнішніх умов і професійна кваліфікація персоналу, який матиме доступ до деталей устатковання.</p></td>"
<td><p>3</p></td>,"<td><p>1.2. Шляхи евакуації, аварійні виходи і підходи до них повинні бути вільними від будь-яких предметів, надавати можливість найкоротшого шляху на зовнішній простір або до безпечної зони і мати належні позначення (сигнальними кольорами, дороговказами, написами, знаками безпеки тощо) відповідно до Технічного регламенту знаків безпеки і захисту здоров'я працівників, затвердженого постановою Кабінету Міністрів України від 25.11.2009 N 1262 (далі - Технічний регламент).</p><p>Шляхи евакуації і аварійні виходи мають забезпечуватися евакуаційним освітленням відповідно до вимог будівельних норм та правил улаштування електроустановок. Світильники евакуаційного освітлення повинні вмикатися з настанням сутінків у разі перебування в приміщеннях працівників.</p><p>Працівникам забезпечується можливість швидко і в повній безпеці залишити всі робочі місця.</p><p>Кількість, розташування і розміри шляхів евакуації і аварійних виходів визначаються відповідно до використання, облаштування і розмірів робочих зон, а також максимально можливої кількості осіб, що можуть там перебувати відповідно до СНиП 2.09.04-87 &quot;Административные и бытовые здания&quot; (далі - СНиП 2.09.04-87) та СНиП 2.09.02-85 &quot;Производственные здания&quot; (СНиП 2.09.02-85).</p><p>Двері аварійних виходів повинні відкриватись назовні і замикатись так, щоб у випадку необхідності будь-яка особа могла легко і швидко їх відкрити без застосування додаткових засобів.</p></td>"
<td><p>3</p></td>,"<td><p>Рівень пожежної безпеки робочих зон, приміщень та інженерного устатковання повинен відповідати вимогам Правил пожежної безпеки в Україні, затверджених наказом МНС України від 19.10.2004 N 126, зареєстрованих в Міністерстві юстиції України 4.11.2004 за N 1410/10009 (НАПБ А.01.001 - 04), та інших нормативно-правових актів з питань пожежної безпеки.</p></td>"
<td><p>3</p></td>,"<td><p>Облаштування всіх робочих зон повинно проводитись з урахуванням вимог Законів України &quot;Про охорону праці&quot;, &quot;Про основи соціального захищеності інвалідів в Україні&quot; та постанови Кабінету Міністрів України від 31.01.2007 N 70 &quot;Про реалізацію статей 19 і 20 Закону України &quot;Про основи соціальної захищеності інвалідів в Україні&quot;.</p><p>Доступними для користування працівників з обмеженими фізичними можливостями повинні бути двері, переходи, сходи, душові приміщення, умивальники, туалети, якими вони користуються.</p></td>"
<td><p>2</p></td>,<td><p> </p></td>
<td><p>3</p></td>,"<td><p>У закритих робочих приміщеннях повинно бути достатньо придатного для дихання повітря з урахуванням граничних допустимих концентрацій шкідливих речовин, характеру робочого процесу і фізичних потреб організму працівників з розрахунку на максимально можливу їх кількість під час роботи відповідно до передбаченого технологічного процесу.</p><p>Робочі місця, де можливе виділення пилу та небезпечних газів, мають бути обладнані вентиляційними пристроями, які повинні бути постійно готовими до роботи.</p><p>Будь-які порушення у системі вентиляції повинні відображатись попереджувальними сигнальними пристроями.</p><p>Установки для кондиціювання повітря або механічні вентиляційні установки під час їх роботи не повинні створювати для працівників протягів.</p></td>"
<td><p>3</p></td>,"<td><p>Упродовж робочого часу в робочих приміщеннях забезпечується мікроклімат, що відповідає фізіологічним потребам організму працюючих, із врахуванням енергетичних витрат на виконувану роботу згідно з ДСН 3.3.6.042-99 &quot;Санітарні норми мікроклімату виробничих приміщень&quot;.</p><p>У приміщеннях для відпочинку, для чергового персоналу, їдальнях, приміщеннях санітарно-побутового призначення і для надання медичної допомоги температура повинна відповідати призначенню цих приміщень відповідно до СНиП 2.09.04-87.</p></td>"
<td><p>3</p></td>,"<td><p>Освітлення робочих зон повинно відповідати вимогам ДБН В.2.5-28-2006 &quot;Природне і штучне освітлення&quot;, затверджених наказом Міністерства будівництва, архітектури та житлово-комунального господарства України від 15.05.2006 N 168.</p><p>Робочі зони, в яких працівникам у випадку відключення штучного освітлення може загрожувати небезпека, обладнуються достатнім аварійним освітленням.</p></td>"
<td><p>3</p></td>,"<td><p>Підлоги приміщень не повинні мати нерівностей, отворів або небезпечних ухилів, вони повинні бути міцними, нерухомими і неслизькими.</p><p>Поверхня підлоги, стелі і стін повинна забезпечувати можливість її очищення і оновлення відповідно до вимог гігієни.</p><p>Прозорі або світлопроникні стіни, зокрема скляні перегородки, у приміщеннях або там, де розміщені робочі місця і переходи, повинні мати добре видні знаки або написи на рівні очей, виготовлятися з безпечного матеріалу або бути відгородженими від робочих місць і переходів таким чином, щоб запобігти контакту працівників з ними і можливому травмуванню осколками.</p></td>"
<td><p>3</p></td>,"<td><p>Вікна, зокрема вікна верхнього світла, і вентиляційні отвори повинні забезпечувати працівникам можливість безпечно їх відкривати, закривати і регулювати. Вони повинні мати таку конструкцію, щоб у відкритому стані не створювати небезпеку для працівників.</p><p>Вікна, в тому числі вікна верхнього світла, повинні мати конструкцію, або пристрої, які б забезпечували можливість їх очищати без створення небезпеки для працівників, що проводять очищення, а також для працівників, що перебувають поблизу.</p><p>Усі вікна і скляні перегородки повинні забезпечувати можливість захисту робочих зон від надмірного сонячного світла.</p></td>"
<td><p>3</p></td>,"<td><p>Розташування, кількість, розміри дверей і воріт та матеріали, з яких вони виготовлені, визначаються характером використання приміщень або робочих зон.</p><p>Прозорі двері повинні мати знаки або написи на рівні людських очей.</p><p>Двері і ворота, що обертаються, повинні бути прозорими або мати прозорі вікна.</p><p>Якщо прозорі або світлопропускні частини дверей чи воріт виготовлені з матеріалу, що не має належної міцності, і є небезпека травмування працівників осколками, слід захистити ці частини для запобігання травмуванню людей від контакту з ними.</p><p>Розсувні двері повинні мати захист від обривання або випадіння.</p><p>Двері або ворота, що відкриваються догори, повинні мати захист від падіння.</p><p>Двері, розташовані на шляхах евакуації, повинні бути позначені відповідно до Технічного регламенту і конструктивно забезпечені можливістю відкрити їх зсередини у будь-який момент без спеціальних допоміжних засобів. За наявності працівників у робочих зонах ці двері не повинні замикатись.</p><p>У безпосередній близькості до воріт, призначених для проїзду транспортних засобів, повинні знаходитись постійно доступні і належним чином позначені двері для проходу працівників, за винятком випадків, коли прохід є небезпечним для працівників.</p><p>Двері і ворота, що мають привод, повинні:</p><p>рухатись так, щоб не створювати загрози для працівників;</p><p>бути устатковані добре видимими і легко доступними аварійними вимикачами, повинна бути забезпечена можливість відкрити їх вручну, якщо вони не відкриваються автоматично у разі відключення енергопостачання;</p><p>бути устатковані пристроями, що надійно фіксували б їх у відкритому положенні.</p></td>"
<td><p>3</p></td>,"<td><p>Шляхи пересування, включаючи сходи, стаціонарні переходи, рампи для навантажувальних і розвантажувальних робіт, повинні бути позначені відповідними знаками, мати необхідну дорожню розмітку та дороговкази, бути так розташовані і мати такі розміри, щоб прохід або проїзд по них був легким і безпечним і при цьому не створювалась загроза для працівників, що працюють поблизу.</p><p>Розміри транспортних шляхів, призначених для пересування осіб і/або вантажів, повинні визначатись чисельністю можливих користувачів і характером виробництва.</p><p>Якщо на підприємстві застосовуються транспортні засоби, працівникам повинна бути забезпечена можливість проходу на безпечній відстані пішохідними доріжками.</p><p>Шляхи, призначені для руху транспортних засобів, повинні бути устатковані дверима, ворітьми, пішохідними доріжками і сходовими переходами.</p><p>Якщо характер роботи і устатковання приміщень обумовлюють необхідність захисту працівників від транспортних засобів, пов'язані з цим обмеження повинні бути позначені.</p><p>Якщо в робочих зонах є обумовлені характером роботи небезпечні місця, в яких існує небезпека падіння працівників або падіння предметів на них, ці місця повинні бути устатковані пристосуваннями для запобігання такій небезпеці, а також доступу сторонніх працівників до цих місць.</p><p>Для захисту працівників, які за характером своєї роботи змушені перебувати у небезпечних місцях робочої зони, повинні бути вжиті відповідні запобіжні заходи.</p><p>Небезпечні місця повинні мати добре видні позначення відповідно до Технічного регламенту.</p></td>"
<td><p>3</p></td>,"<td><p>Ескалатори і траволатори повинні бути устатковані необхідними захисними пристроями, а також добре видними і легко доступними для працівників засобами аварійної зупинки.</p></td>"
<td><p>3</p></td>,"<td><p>Рампи для навантажувальних і розвантажувальних робіт повинні мати не менше одного виходу для працівників і огороджувальні конструкції, що унеможливлюють падіння мобільних засобів праці.</p><p>Рампи великої довжини повинні мати виходи на кожному з кінців.</p><p>Рампи, пірси, причали, на яких працюють транспортні засоби, повинні бути устатковані колесовідбійними пристроями, за винятком місць, де ці пристрої перешкоджатимуть виконанню технологічного процесу.</p></td>"
<td><p>3</p></td>,"<td><p>Робочі приміщення повинні мати достатню площу і висоту, а також достатній вільний простір для того, щоб працівники мали свободу рухів під час роботи і могли виконувати її без шкоди для власної безпеки і здоров'я відповідно до СНиП 2.09.04-87 та СНиП 2.09.02-85.</p></td>"
<td><p>2</p></td>,<td><p> </p></td>
<td><p>3</p></td>,"<td><p>Робочі місця, переходи, устатковання, розміщене на відкритому повітрі, які використовуються працівниками під час роботи або до яких вони повинні мати доступ, мають бути так устатковані, щоб вхід і в'їзд, а також вихід і виїзд до них були безпечними.</p></td>"
<td><p>3</p></td>,"<td><p>Положення пунктів 2.7 і 2.9 глави 2 цього розділу застосовуються також і для головних шляхів пересування на відкритій території підприємства (шляхи сполучення між робочими місцями), а також для шляхів пересування, якими користуються при регулярному технічному обслуговуванні устатковання і нагляді за ним, а також рамп для навантажувальних робіт.</p></td>"
<td><p>3</p></td>,"<td><p>Робочі зони на відкритому повітрі повинні мати штучне освітлення, якщо природного світла недостатньо.</p><p>Якщо працівники працюють на відкритому повітрі, їх робочі місця повинні бути обладнані так, щоб працівники:</p><p>були захищені від погодних впливів, від небезпеки падіння і від падіння предметів на них;</p><p>були захищені від впливу шуму, рівень якого перевищує допустиму межу, а також впливу інших шкідливих факторів виробничого і навколишнього середовища (газів, випарів, пилу);</p><p>у випадку небезпеки могли швидко залишити своє робоче місце або одержати допомогу.</p></td>"
<td><p>1</p></td>,<td><p> </p></td>
<td><p>2</p></td>,<td><p>Розміри і облаштування невиробничих приміщень повинні відповідати вимогам СНиП 2.09.04-87.</p></td>
<td><p>2</p></td>,"<td><p>Приміщення для відпочинку повинні мати розміри, які відповідають максимальній змінній чисельності працівників і устатковані столами і місцями для сидіння зі спинками.</p><p>Приміщення для відпочинку повинні бути ізольовані від місць для паління.</p><p>Якщо для виробничого процесу необхідні регулярні і часті перерви, під час яких зберігається готовність до роботи, і приміщення для відпочинку відсутнє, працівникам надаються в розпорядження інші приміщення, які відповідали б вимогам санітарно-гігієнічних норм і в яких працівники могли б перебувати під час готовності до роботи, якщо це необхідно для їх безпеки і здоров'я.</p></td>"
<td><p>2</p></td>,"<td><p>Працівники забезпечуються приміщеннями для переодягання, якщо для виконання роботи згідно з вимогами гігієни необхідно використовувати спецодяг.</p><p>Приміщення для переодягання повинні мати достатні розміри, обігріватись, бути легкодоступними і устаткованими сидіннями і підлоговими килимками.</p><p>Шафи для зберігання одягу кожного окремого працівника під час його роботи повинні замикатися на ключ.</p><p>Шафи для спецодягу повинні бути відокремлені від шаф для особистого одягу, якщо цього вимагають обставини (наприклад, наявність шкідливих речовин, вологість, бруд).</p><p>Для чоловіків і жінок повинні бути надані окремі приміщення для переодягання або роздільне використання цих приміщень.</p><p>Якщо немає необхідності у спеціальних приміщеннях для переодягання, кожному працівникові повинно бути надане окреме місце для зберігання особистого одягу під замком.</p></td>"
<td><p>2</p></td>,"<td><p>Працівникам повинна бути надана у користування достатня кількість душових приміщень, кімнати для вмивання, якщо це необхідно, виходячи з характеру роботи або вимог гігієни, а також забезпечується належна кількість туалетів згідно з санітарно-гігієнічними нормами.</p><p>Для чоловіків і жінок необхідно передбачити окремі кімнати для вмивання та душові приміщення або роздільне користування ними.</p><p>Душові приміщення повинні мати достатні розміри, обігріватись, мати холодну і гарячу воду, щоб кожен працівник міг без труднощів помитись відповідно до вимог гігієни.</p><p>Якщо немає потреби в душах, повинна бути забезпечена достатня кількість належних пристосувань для вмивання проточною водою (за необхідності - теплою) поблизу від робочих місць і приміщень для переодягання.</p><p>Якщо душові, кімнати для вмивання і кімнати для переодягання розміщені окремо одна від одної, між ними повинно бути зручне сполучення.</p><p>Для чоловіків і жінок повинні бути облаштовані окремі туалети або забезпечено роздільне користування ними, для жінок - облаштовані кімнати гігієни жінки і/або створені умови для проведення гігієнічних заходів.</p></td>"
<td><p>2</p></td>,"<td><p>За рішенням роботодавця створюється одне або кілька приміщень для надання першої медичної допомоги, забезпечених необхідним устаткованням і матеріалами.</p><p>Ці приміщення повинні мати позначення відповідно до Технічного регламенту.</p><p>Крім того, засоби, необхідні для надання першої допомоги, повинні бути в наявності у всіх тих місцях, де цього вимагають умови праці.</p><p>Місця, де знаходяться ці засоби, повинні бути легкодоступними і відповідним чином позначеними.</p></td>"
<td><p>1</p></td>,<td><p> </p></td>
<td><p>2</p></td>,<td></td>
<td><p>3</p></td>,"<td><p>Органи керування засобом праці, який може створити небезпеку, мають бути добре видні і за необхідності належним чином позначені.</p><p>Ці органи керування повинні відповідати вимогам ергономіки і бути розміщені таким чином, щоб їх використання не створювало додаткової небезпеки.</p><p>Особи, які працюють біля головного пульта керування, повинні мати можливість упевнитись у відсутності людей у небезпечних зонах. Якщо це неможливо, повинна бути передбачена автоматична захисна система з акустичною сигналізацією. Працівник, якому загрожує небезпека, обумовлена пуском у дію або зупинкою засобу праці, повинен мати час і/або можливість швидко її уникнути.</p><p>Система керування повинна бути надійною. Під час її вибору слід враховувати вірогідність відмови, поломки і заклинювання у передбачуваних умовах експлуатації.</p></td>"
<td><p>3</p></td>,"<td><p>Приведення засобу праці у дію повинно бути можливим тільки за умови цілеспрямованих дій за допомогою призначеної для цього системи керування, яка повинна забезпечити приведення засобу праці в дію після зупинки незалежно від причини цієї зупинки.</p><p>Ці вимоги не стосуються поновлення роботи або зміни параметрів під час виконання передбачених технологічним процесом наказів автоматичного керування.</p></td>"
<td><p>3</p></td>,"<td><p>Система керування кожним засобом праці повинна забезпечувати надійне вимикання всього засобу праці.</p><p>Кожне робоче місце повинно бути обладнане системою керування, яка забезпечувала б залежно від рівня небезпеки зупинку дії всього засобу праці або тільки його певної частини з тим, щоб привести його у безпечний стан.</p><p>Наказ оператора про зупинку дії засобу праці повинен бути вищого рівня, ніж наказ про приведення його в дію. Одночасно з припиненням дії засобу праці або його небезпечної частини енергопостачання приводів повинно бути перервано.</p></td>"
<td><p>3</p></td>,"<td><p>Механізовані засоби праці повинні бути устатковані пристосуваннями для аварійної зупинки з урахуванням небезпеки, яку ці засоби спричиняють, і тривалості необхідної при цьому зупинки.</p></td>"
<td><p>3</p></td>,"<td><p>Будь-який засіб праці, використання якого пов'язане з небезпекою, спричиненою предметами, які падають або викидаються, мусить бути устаткований пристроями для захисту від цієї небезпеки.</p></td>"
<td><p>3</p></td>,"<td><p>Засоби праці і їх деталі повинні бути закріплені або стабілізовані іншим чином, якщо це необхідно для безпеки і захисту здоров'я працівників.</p></td>"
<td><p>3</p></td>,"<td><p>Якщо є небезпека поломки певної деталі засобу праці або утворення осколків, при чому може виникнути суттєва загроза для безпеки або здоров'я працівників, необхідно вжити належних захисних заходів.</p></td>"
<td><p>3</p></td>,"<td><p>Якщо існує небезпека нещасного випадку через механічний контакт працівника з рухомими деталями засобу праці, цей засіб повинен бути оснащений додатковими захисними пристроями, які обмежували б доступ до небезпечної зони або зупиняли б рухомі деталі у разі наближення людини до небезпечної зони.</p><p>Захисні пристрої:</p><p>повинні мати стабільну конструкцію;</p><p>не повинні спричиняти додаткових небезпек;</p><p>повинні мати таку конструкцію, яка виключала б можливість їх обійти або навмисно вивести з ладу;</p><p>повинні розташовуватись на достатній відстані від небезпечної зони;</p><p>не повинні, наскільки це можливо, обмежувати спостереження за робочим процесом;</p><p>повинні забезпечувати доступ працівників для встановлення або заміни деталей, а також для здійснення контролю за можливості без демонтажу захисних пристроїв; при цьому доступ сторонніх осіб не допускається.</p></td>"
<td><p>3</p></td>,"<td><p>Дуже гарячі або дуже холодні деталі засобу праці повинні бути, якщо це потрібно, обладнані захисними пристроями, які б запобігали контакту працівників з відповідними деталями або небезпечному наближенню до них.</p></td>"
<td><p>3</p></td>,"<td><p>Працівникам не допускається використовувати засоби праці в тих робочих процесах і в тих умовах, для яких він не призначений.</p><p>Технічне обслуговування повинно проводитись після зупинки засобу праці. Якщо зупинка неможлива, повинні бути вжиті належні захисні заходи або роботи повинні виконуватись за межами небезпечної зони.</p><p>Записи в журналі технічного обслуговування і нагляду повинні відображати стан засобів праці на час їх останнього огляду.</p></td>"
<td><p>3</p></td>,"<td><p>Під час проведення експлуатаційних і монтажних робіт, а також технічного обслуговування засобу праці повинен бути забезпечений безпечний доступ до всіх необхідних для цього місць, перебування в яких повинно бути безпечним.</p></td>"
<td><p>3</p></td>,"<td><p>Кожний механізований засіб праці повинен бути устаткований добре видними пристроями для роздільного відключення від кожного окремого джерела енергії.</p><p>У разі поновлення живлення не повинно виникати небезпеки для працівників, що користуються засобом праці.</p></td>"
<td><p>3</p></td>,"<td><p>У кожному засобі праці повинен бути передбачений захист працівників від небезпеки, спричиненої дією вогню або нагрівом засобу праці, виділенням продуктів у вигляді газу, пилу, рідин, випарів тощо, які в засобі праці виробляються, використовуються або зберігаються.</p></td>"
<td><p>3</p></td>,"<td><p>У кожному засобі праці повинен бути передбачений захист від небезпеки вибуху самого засобу праці або речовин, які ним виробляються, в ньому використовуються або зберігаються.</p></td>"
<td><p>3</p></td>,<td><p>У кожному засобі праці повинен бути передбачений захист працівників від прямого або непрямого контакту з електричним струмом.</p></td>
<td><p>2</p></td>,<td></td>
<td><p>3</p></td>,"<td><p>Мобільні засоби праці, які пересуваються разом з працівником (працівниками), повинні мати таку конструкцію, щоб небезпека для працівників під час переїзду була максимально знижена.</p><p>Це стосується також небезпеки від контакту працівників з колесами, ланцюгами тощо, а також защемлення ними.</p></td>"
<td><p>3</p></td>,"<td><p>Якщо може виникнути небезпека через раптове блокування пристосувань для передачі енергії між мобільним засобом праці і її додатковим устаткованням і/або причепом, цей засіб праці повинен мати таку конструкцію або бути так устаткованим, щоб запобігти блокуванню.</p><p>Якщо такого блокування не можна уникнути, слід вжити всіх заходів, щоб звести до мінімуму небезпечні для працівників наслідки.</p></td>"
<td><p>3</p></td>,"<td><p>Якщо пристрої для передачі енергії до мобільних засобів праці можуть бути забруднені або пошкоджені через тертя об землю, слід передбачити пристрої для їх підвішування.</p></td>"
<td><p>3</p></td>,"<td><p>Мобільні засоби праці, які за нормальних умов експлуатації переміщуються разом з працівником (працівниками), повинні мати пристрої для обмеження небезпеки, що може виникнути у випадку нахилу або перекидання засобу праці, а саме:</p><p>захисні пристрої для запобігання перекиданню або нахилу більше ніж на 90°;</p><p>кабіни;</p><p>пристрої, які забезпечують у разі перекидання транспортного засобу утворення між його частинами і земною поверхнею вільного простору, достатнього для розміщення працівника (працівників);</p><p>пристрої, які утримують працівника таким чином, щоб він був недосяжним для частин транспортного засобу у разі його перекидання.</p><p>Ці захисні пристрої можуть бути складовими частинами засобів праці.</p><p>Вони не є необхідними, якщо засіб праці під час експлуатації є стійким і можливість його хитання і перекидання виключена його конструкцією.</p></td>"
<td><p>3</p></td>,"<td><p>Самохідні мобільні засоби праці, рух яких пов'язаний з небезпекою для працівників, повинні мати пристрої:</p><p>для запобігання ненавмисному приведенню в рух;</p><p>для запобігання наслідкам можливого зіткнення у разі одночасного руху кількох транспортних засобів на одній колії;</p><p>для гальмування і зупинки, а якщо це необхідно з міркувань безпеки - додатковий легко доступний або автоматичний аварійний пристрій для гальмування і зупинки у випадку відмови основного гальмівного пристрою;</p><p>пристосування для збільшення оглядового простору (якщо зона прямої видимості з місця водія недостатня для гарантування безпеки);</p><p>освітлювальні пристрої, що відповідали б характеру виконуваних робіт і забезпечували достатню безпеку працівників (якщо передбачається експлуатація цих засобів вночі або у неосвітленому приміщенні).</p></td>"
<td><p>3</p></td>,"<td><p>Якщо є небезпека виникнення пожежі в транспортному засобі, його причепі і/або загоряння вантажу, слід розмістити на засобі відповідне устатковання для боротьби з вогнем. Крім того, таке устатковання повинно також знаходитись у достатньо близько розташованих місцях.</p></td>"
<td><p>3</p></td>,"<td><p>Устатковання, яке керується дистанційно, повинно автоматично зупинятись, як тільки воно виходить за межі контрольованого простору. Якщо таке устатковання в умовах нормальної експлуатації може зіткнутись з працівником або зачепити його, воно повинно бути обладнане відповідними захисними пристроями, за винятком випадків, коли ця небезпека обмежена застосуванням інших пристроїв.</p></td>"
<td><p>2</p></td>,<td></td>
<td><p>3</p></td>,"<td><p>Засіб праці для тривалого використання, який використовується для підіймання вантажів, повинен мати відповідну міцність і стійкість під час експлуатації; слід особливо звернути увагу на міцність і надійність несучих деталей, місць їх з'єднань, точок підвіски.</p></td>"
<td><p>3</p></td>,"<td><p>Машини для підіймання вантажів повинні мати чітке позначення їх допустимої вантажопідйомності, термінів випробувань, прізвища осіб, відповідальних за їх технічний стан і, за необхідності, на щитку (табличці) - дані про допустиму вантажопідйомність для різних положень машини. Ці машини повинні бути оснащені пристроями безпеки для обмеження руху та ваги вантажів.</p><p>Пристрої для приймання вантажів повинні мати позначення, з яких можна було б визначити властивості цих пристроїв, знання яких необхідне для безпечної експлуатації.</p><p>Якщо засіб праці не призначений для підіймання людей, проте існує можливість його неправильного використання з цією метою, на ньому повинні бути відповідні і добре видні запобіжні позначення і написи.</p></td>"
<td><p>3</p></td>,"<td><p>Машини, призначені для підіймання або переміщення працівників, повинні мати конструкцію для запобігання:</p><p>падінню вантажопідіймального засобу;</p><p>випаданню працівників з вантажопідіймального засобу;</p><p>роздавлюванню, затисненню працівників або травмуванню внаслідок ненавмисного контакту з оточуючими предметами.</p><p>Крім того, необхідно забезпечити можливість безпечного вивільнення осіб, що знаходяться у вантажопідіймальному засобі, у випадку аварії.</p><p>Якщо з причин, обумовлених місцем встановлення засобу і різницею висот, існує вірогідність виникнення небезпеки відповідно до абзаців другого - четвертого цього пункту, навіть за наявності захисних пристроїв слід застосовувати канат з підвищеним запасом міцності і щодня перевіряти його стані.</p></td>"
<td><p>1</p></td>,<td></td>
<td><p>2</p></td>,<td></td>
<td><p>3</p></td>,"<td><p>Засоби праці, які надаються у розпорядження працівників, а також у разі залучення до робіт учнів і студентів, повинні відповідати своєму призначенню для певного виду робіт і бути належним чином налагоджені з метою гарантування безпеки і захисту здоров'я працівників.</p><p>Під час вибору засобів праці, які мають бути застосовані, слід враховувати вимоги технічної документації, умови і специфіку робіт, а також наявні на робочих місцях фактори, що загрожують безпеці і здоров'ю працівників підприємства, і/або додаткові небезпечні фактори, пов'язані із застосуванням засобів праці.</p><p>Якщо немає можливості в повному обсязі забезпечити належну безпеку і захист здоров'я працівників під час застосування засобів праці, необхідно вжити відповідних заходів з тим, щоб максимально зменшити небезпеку.</p></td>"
<td><p>3</p></td>,"<td><p>Засоби праці слід монтувати, встановлювати, оснащувати, застосовувати і демонтувати так, щоб умови праці для їх користувачів та решти працівників відповідали вимогам нормативних документів з охорони праці і настановам виробника, зокрема необхідно забезпечити наявність достатнього вільного простору між рухомими деталями засобу праці і елементами навколишнього середовища, а також можливість безпечного підведення і/або відведення всіх видів енергії і речовин, що застосовуються або виробляються.</p><p>Необхідно вжити належних заходів для захисту засобу праці від удару блискавки, якщо умови його експлуатації пов'язані з такою небезпекою.</p></td>"
<td><p>3</p></td>,"<td><p>Засоби праці повинні відповідати вимогам, зазначеним у розділі V цих Вимог, та вимогам відповідних нормативних документів і нормативно-правових актів з охорони праці.</p><p>Засоби праці, безпечність яких залежить від умов монтажу, після монтажу і перед першим введенням у дію підлягають первинному випробуванню, періодичним випробуванням, а також випробуванню після кожного монтажу на новому місці або новому будівельному майданчику з тим, щоб забезпечити належну якість монтажу та функціонування цього засобу праці.</p></td>"
<td><p>3</p></td>,"<td><p>Засоби праці, що перебувають під дією впливів, які можуть спричинити їх пошкодження і призвести до небезпечної ситуації, повинні регулярно перевірятись і, за необхідності, випробовуватись уповноваженими на це особами відповідно до чинних нормативно-правових актів.</p><p>Результати випробувань повинні бути письмово зафіксовані і підготовлені для надання уповноваженим органам на їх вимогу. Вони повинні зберігатись протягом часу, визначеного відповідними документами.</p></td>"
<td><p>3</p></td>,"<td><p>Якщо засіб праці тривалий час застосовується за межами підприємства, до нього прикладається відповідне підтвердження про проведення останнього випробування.</p></td>"
<td><p>3</p></td>,"<td><p>Якщо застосування засобу праці пов'язане з можливістю виникнення підвищеної загрози для безпеки або здоров'я працівників, мають бути вжиті необхідні заходи з тим, щоб:</p><p>даний засіб праці застосовувався тільки особами, за якими він закріплений;</p><p>ремонт, реконструкція, підтримання в робочому стані і контроль проводились тільки тими працівниками, в обов'язки яких це входить.</p></td>"
<td><p>3</p></td>,"<td><p>Працівникам має бути надана інформація, а за необхідності проводиться інструктаж щодо користування засобами праці, які застосовуються ними під час роботи.</p><p>Інформація і інструктаж щодо користування повинні містити як мінімум такі відомості щодо безпеки і захисту здоров'я:</p><p>умови користування засобом праці;</p><p>вірогідні поломки та порушення функціонування;</p><p>висновки, зроблені на підставі накопиченого досвіду застосування засобу праці;</p><p>першочергові дії у разі виникнення небезпеки.</p><p>При цьому мають бути враховані небезпеки, які створює засіб праці у своїй робочій зоні, а також такі особливості його конструкції, які здатні створити небезпеку навіть у випадку, коли цей засіб не використовується.</p></td>"
<td><p>2</p></td>,<td></td>
<td><p>3</p></td>,"<td><p>Керувати самохідними засобами праці можуть тільки ті працівники, які мають відповідне посвідчення на право керування цими засобами.</p></td>"
<td><p>3</p></td>,<td><p>Повинні бути розроблені і затверджені роботодавцем маршрути та правила руху мобільного засобу праці у визначеній для нього робочій зоні.</p></td>
<td><p>3</p></td>,"<td><p>Слід вжити організаційних заходів, щоб запобігти несанкціонованому доступу працівників-пішоходів у робочі зони самохідних засобів праці.</p><p>Якщо присутність працівників у робочій зоні самохідних засобів праці є необхідною для належного проведення робіт, слід вжити заходів, щоб запобігти травмуванню цих працівників засобами праці.</p></td>"
<td><p>3</p></td>,"<td><p>Пересування працівників на мобільних засобах праці з механічним або електричним приводом допускається тільки відповідно до призначення засобу у спеціально обладнаних для цього безпечних місцях. Якщо під час пересування машини на ній повинні проводитись роботи, швидкість руху повинна бути встановлена з урахуванням цього.</p></td>"
<td><p>3</p></td>,"<td><p>Мобільні засоби праці з двигунами внутрішнього згоряння допускається використовувати лише за умови, що обсяг і обмін повітря у приміщенні достатній для того, щоб не виникла загроза для безпеки і здоров'я працівників.</p></td>"
<td><p>2</p></td>,<td></td>
<td><p>3</p></td>,"<td><p>Вантажопідіймальні засоби праці, що можуть непередбаченим чином зміститися або демонтуватися, слід застосовувати з урахуванням характеру ґрунту таким чином, щоб була забезпечена стійкість засобу праці під час його експлуатації.</p></td>"
<td><p>3</p></td>,<td><p>Підіймання працівників допускається тільки спеціально призначеними для цього засобами праці і додатковими пристроями та за умови виконання додаткових заходів безпеки.</p></td>
<td><p>3</p></td>,"<td><p>Повинні бути вжиті заходи з тим, щоб жоден працівник не перебував під підвішеним вантажем та складовими частинами машини, які можуть опуститись або впасти.</p><p>Забороняється переміщувати підвішені вантажі над незахищеними робочими місцями, на яких можуть перебувати працівники.</p><p>У випадках, коли виконання вимог попередніх абзаців цього пункту неможливе через потребу забезпечити безперебійне виконання робіт, слід розробити і виконувати належні заходи щодо безпеки працівників.</p></td>"
<td><p>3</p></td>,"<td><p>Кріпильні засоби слід вибирати з урахуванням ваги та характеру вантажу, способу його закріплення, погодних умов, місця, де розміщений вантаж.</p></td>"
<td><p>3</p></td>,"<td><p>Кріпильні засоби слід зберігати таким чином, щоб була виключена можливість їх пошкодження і погіршення функціональних якостей.</p></td>"
<td><p>3</p></td>,"<td><p>Якщо два або кілька засобів праці для підіймання некерованих вантажів встановлені таким чином, що їх робочі зони перетинаються, слід вжити належних заходів, щоб запобігти зіткненням між вантажами і/або частинами засобів праці.</p></td>"
<td><p>3</p></td>,"<td><p>У разі застосування мобільних засобів праці для підіймання некерованих вантажів слід вжити заходів, щоб запобігти випаданню, перекиданню, зісковзуванню чи обриванню вантажів. Виконання цих заходів повинно контролюватись.</p></td>"
<td><p>3</p></td>,"<td><p>Якщо особа, яка обслуговує засоби праці під час підіймання некерованих вантажів, не може спостерігати за всією траєкторією вантажу ні безпосередньо, ні за допомогою додаткових пристроїв, для спостереження повинна бути призначена особа, яка має зв'язок з особою, що керує засобами праці, крім того, слід вжити організаційних заходів, щоб запобігти небезпеці травмування працівників.</p></td>"
<td><p>3</p></td>,"<td><p>Робочий процес повинен бути таким, щоб підвішений вантаж міг бути надійно закріплений.</p></td>"
<td><p>3</p></td>,"<td><p>Усі підіймальні процеси повинні в належному порядку розроблятись, проводитись і бути під наглядом таким чином, щоб була гарантована безпека працівників.</p><p>Якщо негабаритний вантаж повинен підійматись одночасно двома або кількома вантажопідіймальними засобами, слід розробити і застосовувати порядок щодо організації цього процесу, який забезпечує належну координацію дій операторів та обслуговуючого персоналу.</p></td>"
<td></td>,"<td><p>Якщо засіб для підіймання некерованих вантажів нездатний утримувати вантаж у разі часткового або повного припинення енергопостачання, необхідно вжити заходів, щоб уникнути небезпеки для працівників. Має бути забезпечена можливість опускання вантажу в цих умовах.</p></td>"
<td><p>3</p></td>,"<td><p>Підіймання некерованих вантажів на відкритому повітрі повинно бути припинене, як тільки погодні умови погіршаться настільки, що це може вплинути на безпечність функціонування устатковання і спричинить небезпеку для працівників. Слід вжити необхідних захисних заходів, особливо для запобігання падінню чи перекиданню засобів праці.</p></td>"
<td><p>2</p></td>,<td></td>
<td><p>3</p></td>,"<td><p>Для виконання робіт на висоті необхідно вибирати такі засоби праці, які здатні максимально забезпечити безпеку працівників протягом тривалого часу. Перевагу слід віддавати засобам колективного захисту перед засобами індивідуального захисту.</p><p>Розміри засобів праці повинні відповідати характеру виконуваних робіт, передбачуваним навантаженням і вимогам безпечного користування цими засобами.</p><p>Вибір засобів доступу до робочих місць необхідно здійснювати з урахуванням частоти проведення робіт, їх тривалості і висоти розміщення робочих місць.</p><p>Вибрані засоби доступу до робочих місць повинні забезпечувати можливість швидко покинути робоче місце у разі виникнення загрози. На шляху від робочого місця і в зворотному напрямку повинна бути виключена небезпека падіння.</p></td>"
<td><p>3</p></td>,"<td><p>Використання драбин як робочих місць може бути допущено лише за обставин, коли використання інших безпечних засобів недоцільне через незначність ризику, короткочасність використання або особливості конструкцій, які неможливо змінити.</p></td>"
<td><p>3</p></td>,"<td><p>Використання канатів як засобів доступу до робочих місць і розміщення на них може бути допущено тільки тоді, коли оцінювання ризику показало, що роботи можуть бути виконані безпечно, а також у разі неможливості застосування інших, безпечніших засобів.</p></td>"
<td><p>3</p></td>,"<td><p>Облаштування робочого місця і вибір засобів праці необхідно виконувати, виходячи з оцінки ризику, масштабів і тривалості робіт, а також вимог ергономіки.</p></td>"
<td><p>3</p></td>,"<td><p>Відповідно до вибраних засобів праці необхідно розробити заходи безпеки під час користування ними. За необхідності слід передбачити засоби для запобігання падінню. Такі засоби повинні запобігати падінню, забезпечувати вловлення людини у разі падіння і звести до мінімуму вірогідність травмування при цьому.</p></td>"
<td><p>3</p></td>,"<td><p>Засоби колективного захисту від падіння повинні бути суцільними протягом усього шляху до робочого місця, за винятком лише пунктів входу на сходи або драбину.</p></td>"
<td><p>3</p></td>,"<td><p>Якщо для виконання певного специфічного виду робіт необхідно видалити засоби колективного захисту від падіння, необхідно вжити додаткових заходів безпеки. Початок робіт допускається лише після здійснення цих заходів. Після завершення або у разі тимчасового припинення робіт засоби колективного захисту від падіння необхідно повернути на попереднє місце.</p></td>"
<td><p>3</p></td>,"<td><p>Якщо зміна погодних умов здатна вплинути на безпеку виконання робіт на висоті, виконання цих робіт необхідно припинити.</p></td>"
<td><p>3</p></td>,"<td><p>Працівники, що виконують роботи на висоті, повинні пройти навчання відповідно до пункту 2.5 розділу II цих Вимог і спеціальний інструктаж щодо конкретного робочого місця, в тому числі щодо рятівних дій.</p></td>"
<td><p>2</p></td>,<td></td>
<td><p>3</p></td>,"<td><p>Драбини необхідно встановлювати таким чином, щоб забезпечити їх стійкість під час користування ними. Опори переносних драбин необхідно встановлювати на стабільній, твердій і нерухомій основі достатніх розмірів таким чином, щоб сходинки були горизонтальними. Підвісні драбини (за винятком канатних драбин) необхідно встановлювати так, щоб вони не могли зсунутись або розгойдуватись.</p></td>"
<td><p>3</p></td>,"<td><p>Для запобігання зсуванню опор переносних драбин під час їх використання необхідно закріплювати їх верхні або нижні кінці, застосовувати спеціальні пристрої для захисту від зсування або інші рівноцінні засоби.</p><p>Драбину, призначену для підіймання на робоче місце, слід встановлювати так, щоб її верхня частина виступала над поверхнею робочого місця на достатню відстань, якщо відсутні інші пристрої для надійного закріплення драбини. Під час користування драбинами, що складаються з кількох частин, або розсувними драбинами необхідно, щоб їх складові частини були нерухомо з'єднані між собою.</p><p>Драбини на колесах перед їх використанням мають бути надійно застопорені.</p></td>"
<td><p>3</p></td>,"<td><p>Драбини слід встановлювати так, щоб працівник у будь-який момент міг на них безпечно стояти.</p></td>"
<td><p>2</p></td>,<td></td>
<td><p>3</p></td>,"<td><p>Необхідно вжити заходів для запобігання зсуванню опор риштувань, зокрема шляхом закріплення опор на поверхні ґрунту, застосування спеціальних засобів для запобігання зсуванню або інших рівноцінних заходів.</p></td>"
<td><p>3</p></td>,"<td><p>Основа, на яку спирається риштування, повинна мати достатню несучу здатність, щоб забезпечити стійкість риштувань.</p></td>"
<td><p>3</p></td>,<td><p>У разі використання мобільних засобів праці під час роботи на висоті необхідно запобігти їх непередбачуваним переміщенням шляхом застосування спеціальних пристроїв.</p></td>
<td><p>3</p></td>,"<td><p>Настили на риштуваннях повинні мати такі розміри, форму і спосіб розміщення, які здатні забезпечити безпечне виконання працівником передбачуваних робіт і витримати очікувані навантаження. Складові елементи настилу під час нормальної експлуатації мають бути закріплені і не зсуватися з місця. Між елементами настилу і вертикальними частинами засобів колективного захисту від падіння не повинно бути небезпечного проміжного простору.</p></td>"
<td><p>3</p></td>,"<td><p>Ділянки риштувань, які не готові до користування ними, наприклад, під час спорудження, розбирання чи перебудови риштувань, необхідно позначити знаком загальної небезпеки відповідно до Технічного регламенту.</p></td>"
<td><p>2</p></td>,<td></td>
<td><p>3</p></td>,"<td><p>Якщо для доступу до робочого місця і розміщення на ньому використовуються канати, необхідно дотримуватись таких вимог:</p><p>система повинна мати принаймні два окремо один від одного закріплені канати, при цьому один з них використовується для підіймання, спускання або утримання людини (робочий канат), а другий є засобом безпеки (страхувальний канат);</p><p>працівники повинні мати і застосовувати надійне спорядження, з'єднане зі страхувальним канатом;</p><p>робочий канат повинен бути оснащений надійним засобом для з'єднання з ним і від'єднання від нього, цей засіб повинен містити автоматичну систему, яка запобігала б падінню працівника у випадку, якщо він втратить контроль за своїми діями;</p><p>інструменти та інші пристрої, якими має користуватись працівник, повинні бути прикріплені до спорядження, сидіння або спинки сидіння працівника;</p><p>роботи мають бути належним чином сплановані і виконуватись під наглядом, щоб за потреби мати можливість надати працівникові необхідну допомогу.</p></td>"
<td><p>3</p></td>,"<td><p>У разі виникнення обставин, за яких застосування страхувального каната може призвести до підвищення рівня небезпеки, може бути допущене використання тільки робочого каната за умови, що будуть вжиті додаткові заходи для запобігання небезпеці.</p></td>"
